file,project,regime,mode,workers,duration_s,success,package_count,data_file_sha256,gomaxprocs_configured,gomaxprocs_effective,measured_at,seq_s,speedup_vs_seq,efficiency
cli-par-w2-passonly.json,cli,cold,baseline-par,2,203.172596884,True,236,f55c270bf45ca3354683a78b516ffdf60e828dc2aa929aee060e26fa027e9d1b,1,1,2026-07-05T13:02:21.744081875Z,390.765237475,1.9233166453943822,0.9616583226971911
cli-par-w2-warm-passonly.json,cli,warm,baseline-par,2,70.308009142,True,236,f55c270bf45ca3354683a78b516ffdf60e828dc2aa929aee060e26fa027e9d1b,1,1,2026-07-05T13:12:55.360625983Z,137.960627566,1.9622320308823287,0.9811160154411643
cli-par-w4-passonly.json,cli,cold,baseline-par,4,106.027098188,True,236,f55c270bf45ca3354683a78b516ffdf60e828dc2aa929aee060e26fa027e9d1b,1,1,2026-07-05T13:04:08.435894782Z,390.765237475,3.6855223254542135,0.9213805813635534
cli-par-w4-warm-passonly.json,cli,warm,baseline-par,4,36.619401988,True,236,f55c270bf45ca3354683a78b516ffdf60e828dc2aa929aee060e26fa027e9d1b,1,1,2026-07-05T13:15:38.691394374Z,137.960627566,3.767418911188365,0.9418547277970912
cli-par-w8-passonly.json,cli,cold,baseline-par,8,60.149271135,True,236,f55c270bf45ca3354683a78b516ffdf60e828dc2aa929aee060e26fa027e9d1b,1,1,2026-07-05T13:05:09.505702585Z,390.765237475,6.496591398388854,0.8120739247986067
cli-par-w8-warm-passonly.json,cli,warm,baseline-par,8,20.119313099,True,236,f55c270bf45ca3354683a78b516ffdf60e828dc2aa929aee060e26fa027e9d1b,1,1,2026-07-05T13:18:07.546635638Z,137.960627566,6.857124141721177,0.8571405177151471
cli-seq-passonly.json,cli,cold,baseline-seq,1,390.765237475,True,236,f55c270bf45ca3354683a78b516ffdf60e828dc2aa929aee060e26fa027e9d1b,1,1,2026-07-05T12:58:57.923122591Z,390.765237475,1.0,1.0
cli-seq-warm-passonly.json,cli,warm,baseline-seq,1,137.960627566,True,236,f55c270bf45ca3354683a78b516ffdf60e828dc2aa929aee060e26fa027e9d1b,1,1,2026-07-05T13:09:37.735407359Z,137.960627566,1.0,1.0
goreleaser-par-w2-passonly.json,goreleaser,cold,baseline-par,2,358.030031057,True,121,123a5bb46da9d17cfad7ebf31e3ca74846fd68093ecd52298cd30bea798d733b,1,1,2026-07-05T14:17:29.053713152Z,735.139927191,2.0532912421359493,1.0266456210679746
goreleaser-par-w2-warm-passonly.json,goreleaser,warm,baseline-par,2,96.171798345,True,121,123a5bb46da9d17cfad7ebf31e3ca74846fd68093ecd52298cd30bea798d733b,1,1,2026-07-05T14:30:40.935108613Z,189.699667816,1.9725082724925724,0.9862541362462862
goreleaser-par-w4-passonly.json,goreleaser,cold,baseline-par,4,186.66343528,True,121,123a5bb46da9d17cfad7ebf31e3ca74846fd68093ecd52298cd30bea798d733b,1,1,2026-07-05T14:20:36.648655146Z,735.139927191,3.938317786170982,0.9845794465427455
goreleaser-par-w4-warm-passonly.json,goreleaser,warm,baseline-par,4,48.927685961,True,121,123a5bb46da9d17cfad7ebf31e3ca74846fd68093ecd52298cd30bea798d733b,1,1,2026-07-05T14:33:12.811381495Z,189.699667816,3.877143668049386,0.9692859170123465
goreleaser-par-w8-passonly.json,goreleaser,cold,baseline-par,8,112.982282705,True,121,123a5bb46da9d17cfad7ebf31e3ca74846fd68093ecd52298cd30bea798d733b,1,1,2026-07-05T14:22:30.547267049Z,735.139927191,6.50668325679409,0.8133354070992612
goreleaser-par-w8-warm-passonly.json,goreleaser,warm,baseline-par,8,41.822685381,True,121,123a5bb46da9d17cfad7ebf31e3ca74846fd68093ecd52298cd30bea798d733b,1,1,2026-07-05T14:35:35.464138204Z,189.699667816,4.535807925480087,0.5669759906850109
goreleaser-seq-passonly.json,goreleaser,cold,baseline-seq,1,735.139927191,True,121,123a5bb46da9d17cfad7ebf31e3ca74846fd68093ecd52298cd30bea798d733b,1,1,2026-07-05T14:11:30.085459652Z,735.139927191,1.0,1.0
goreleaser-seq-warm-passonly.json,goreleaser,warm,baseline-seq,1,189.699667816,True,121,123a5bb46da9d17cfad7ebf31e3ca74846fd68093ecd52298cd30bea798d733b,1,1,2026-07-05T14:27:22.714877436Z,189.699667816,1.0,1.0
grpc-go-par-w2-passonly.json,grpc-go,cold,baseline-par,2,323.376258063,True,144,1afa12ee3fa488a0d72c9834f321c3805989e6646cadc799d6021494a1fa7b9d,1,1,2026-07-05T13:34:13.476158653Z,641.503983702,1.9837695801929358,0.9918847900964679
grpc-go-par-w2-warm-passonly.json,grpc-go,warm,baseline-par,2,221.854360665,True,144,1afa12ee3fa488a0d72c9834f321c3805989e6646cadc799d6021494a1fa7b9d,1,1,2026-07-05T13:52:55.030879465Z,414.95764114,1.8704056115740988,0.9352028057870494
grpc-go-par-w4-passonly.json,grpc-go,cold,baseline-par,4,196.978583076,True,144,1afa12ee3fa488a0d72c9834f321c3805989e6646cadc799d6021494a1fa7b9d,1,1,2026-07-05T13:37:30.986994472Z,641.503983702,3.256719454898756,0.814179863724689
grpc-go-par-w4-warm-passonly.json,grpc-go,warm,baseline-par,4,134.695174776,True,144,1afa12ee3fa488a0d72c9834f321c3805989e6646cadc799d6021494a1fa7b9d,1,1,2026-07-05T13:56:26.705468789Z,414.95764114,3.0807164535038507,0.7701791133759627
grpc-go-par-w8-passonly.json,grpc-go,cold,baseline-par,8,129.965106565,True,144,1afa12ee3fa488a0d72c9834f321c3805989e6646cadc799d6021494a1fa7b9d,1,1,2026-07-05T13:39:41.495651019Z,641.503983702,4.935970897551351,0.6169963621939188
grpc-go-par-w8-warm-passonly.json,grpc-go,warm,baseline-par,8,88.484606078,True,144,1afa12ee3fa488a0d72c9834f321c3805989e6646cadc799d6021494a1fa7b9d,1,1,2026-07-05T13:59:13.975718482Z,414.95764114,4.689602627311365,0.5862003284139207
grpc-go-seq-passonly.json,grpc-go,cold,baseline-seq,1,641.503983702,True,144,1afa12ee3fa488a0d72c9834f321c3805989e6646cadc799d6021494a1fa7b9d,1,1,2026-07-05T13:28:49.574327284Z,641.503983702,1.0,1.0
grpc-go-seq-warm-passonly.json,grpc-go,warm,baseline-seq,1,414.95764114,True,144,1afa12ee3fa488a0d72c9834f321c3805989e6646cadc799d6021494a1fa7b9d,1,1,2026-07-05T13:47:54.588561222Z,414.95764114,1.0,1.0
hugo-par-w2-passonly.json,hugo,cold,baseline-par,2,1669.842296839,True,142,5c24af6c0351dcb49713e6a1c2e471fe541664b2d44f95ad882d6b9b4fcfb7a6,1,1,2026-07-05T15:58:22.100928155Z,3294.183653532,1.9727513548841509,0.9863756774420754
hugo-par-w2-warm-passonly.json,hugo,warm,baseline-par,2,151.703124238,True,142,5c24af6c0351dcb49713e6a1c2e471fe541664b2d44f95ad882d6b9b4fcfb7a6,1,1,2026-07-05T16:34:33.64148847Z,297.054692058,1.9581316703271363,0.9790658351635682
hugo-par-w4-passonly.json,hugo,cold,baseline-par,4,872.928812793,True,142,5c24af6c0351dcb49713e6a1c2e471fe541664b2d44f95ad882d6b9b4fcfb7a6,1,1,2026-07-05T16:12:56.210972859Z,3294.183653532,3.773713967570868,0.943428491892717
hugo-par-w4-warm-passonly.json,hugo,warm,baseline-par,4,78.317763097,True,142,5c24af6c0351dcb49713e6a1c2e471fe541664b2d44f95ad882d6b9b4fcfb7a6,1,1,2026-07-05T16:38:48.553394024Z,297.054692058,3.7929414772748897,0.9482353693187224
hugo-par-w8-passonly.json,hugo,cold,baseline-par,8,493.841683929,True,142,5c24af6c0351dcb49713e6a1c2e471fe541664b2d44f95ad882d6b9b4fcfb7a6,1,1,2026-07-05T16:21:11.280061756Z,3294.183653532,6.67052571853292,0.833815714816615
hugo-par-w8-warm-passonly.json,hugo,warm,baseline-par,8,58.517970161,True,142,5c24af6c0351dcb49713e6a1c2e471fe541664b2d44f95ad882d6b9b4fcfb7a6,1,1,2026-07-05T16:42:44.088072113Z,297.054692058,5.076298635115263,0.6345373293894079
hugo-seq-passonly.json,hugo,cold,baseline-seq,1,3294.183653532,True,142,5c24af6c0351dcb49713e6a1c2e471fe541664b2d44f95ad882d6b9b4fcfb7a6,1,1,2026-07-05T15:30:31.092684409Z,3294.183653532,1.0,1.0
hugo-seq-warm-passonly.json,hugo,warm,baseline-seq,1,297.054692058,True,142,5c24af6c0351dcb49713e6a1c2e471fe541664b2d44f95ad882d6b9b4fcfb7a6,1,1,2026-07-05T16:29:06.301738138Z,297.054692058,1.0,1.0
