project,regime,algorithm,workers,reps,median_s,mean_s,std_s,run_cv,planned_s,planned_to_exec_ratio,overhead_us,overhead_share_pct,native_s,seq_s,vs_rr_pct,vs_qty_pct,vs_lpt_pct,vs_native_pct,exec_success_count,exec_error_count,result_dir
cli,cold,FFD-Multifit,2,5,370.980074196,372.791977621,8.278324785,0.022206284689463413,6.963499999,0.01877054991185584,223.42,6.022425880532884e-05,203.172596884,390.765237475,-28.286242090500412,-30.76231458338165,-30.362775239845323,-82.59355832706538,5,0,20260705-183645
cli,cold,LPT,2,5,284.575158448,283.387991349,4.70426762,0.016600095147315422,6.963999999,0.024471566797959005,57.78,2.0303950743669026e-05,203.172596884,390.765237475,1.5928881120584044,-0.3064826924720214,0.0,-40.06571890719901,5,0,20260705-183645
cli,cold,Quantity,2,5,283.705649734,282.597053829,5.157089284,0.018248913830221897,8.621499998,0.030388890760841194,10.72,3.778564159737736e-06,203.172596884,390.765237475,1.8935673483374702,0.0,0.3055462461101957,-39.63775336099081,5,0,20260705-183645
cli,cold,Round-Robin,2,5,289.181496122,289.800071634,7.360751337,0.025399411723735475,8.623499999,0.029820372723163152,20.41,7.057851305738256e-06,203.172596884,390.765237475,0.0,-1.93011538301549,-1.618671741806895,-42.33292311910852,5,0,20260705-183645
cli,cold,FFD-Multifit,4,5,342.800279899,347.357253965,6.674176353,0.019214155676370286,3.482,0.010157517960679348,249.55,7.279749015185328e-05,106.027098188,390.765237475,-46.34412495235539,-43.252989000618484,-46.44137841902164,-223.31383745990104,5,0,20260705-183645
cli,cold,LPT,4,5,234.087034416,236.331506351,4.282058007,0.018118862241923342,3.483,0.014879081230147511,60.54,2.5862175643787838e-05,106.027098188,390.765237475,0.06641119314512933,2.1772462488573563,0.0,-120.78038389858872,5,0,20260705-183645
cli,cold,Quantity,4,5,239.297122029,235.476623139,5.509532832,0.02339736640756805,7.049999998,0.029461282017197107,20.89,8.72973307111833e-06,106.027098188,390.765237475,-2.157816024155393,0.0,-2.2257053347692377,-125.69430468114362,5,0,20260705-183645
cli,cold,Round-Robin,4,5,234.24259772,236.491283872,4.407692256,0.01863786345033184,4.5565,0.019452055451701297,15.01,6.4078865868547455e-06,106.027098188,390.765237475,0.0,2.1122378180492563,-0.06645532692064583,-120.92710422448518,5,0,20260705-183645
cli,cold,FFD-Multifit,8,5,283.332760835,287.782995323,7.415236691,0.025766764581337875,3.019,0.010655315647589822,295.98,0.00010446374048935528,60.149271135,390.765237475,-33.20997657691107,-35.98784490797772,-25.208040556044352,-371.04936683120127,5,0,20260705-183645
cli,cold,LPT,8,5,226.289589372,230.773715714,8.207411551,0.03556475886175669,3.019,0.013341311937408805,65.78,2.9068946646000368e-05,60.149271135,390.765237475,-6.390912265163168,-8.609514456148858,0.0,-276.21335238478946,5,0,20260705-183645
cli,cold,Quantity,8,5,208.351533938,210.507017584,4.581260955,0.021762984472343823,4.461999998,0.021415729050153164,19.52,9.368781516054805e-06,60.149271135,390.765237475,2.042732814058803,0.0,7.92703521349868,-246.39078746336332,5,0,20260705-183645
cli,cold,Round-Robin,8,5,212.696352117,214.682798912,4.403720083,0.020512682456711943,4.041,0.01899891540113075,12.531,5.891497374203648e-06,60.149271135,390.765237475,0.0,-2.0853305453910984,6.007009554758578,-253.61418036075762,5,0,20260705-183645
cli,warm,FFD-Multifit,2,5,112.156988378,112.311243636,0.651764989,0.005803203382845319,6.963499999,0.06208708079367363,283.88,0.0002531095066882913,70.308009142,137.960627566,-68.47638105096095,-76.17373025969921,-74.50111023669528,-59.5223499380821,5,0,20260707-131039
cli,warm,LPT,2,5,64.272936846,64.211699533,0.158541825,0.0024690488828834284,6.963999999,0.10835042462251206,79.94,0.00012437583207305241,70.308009142,137.960627566,3.4525449021856254,-0.9585154047072578,0.0,8.583762176811275,5,0,20260707-131039
cli,warm,Quantity,2,5,63.662719869,63.641144927,0.245494611,0.0038574826282838912,8.621499998,0.1354246255224506,17.55,2.7567153957784044e-05,70.308009142,137.960627566,4.36918103362603,0.0,0.9494151145793952,9.451681755884476,5,0,20260707-131039
cli,warm,Round-Robin,2,5,66.571342332,66.617679084,0.180012038,0.002702166158821265,8.623499999,0.12953772144165993,12.19,1.8311182519359267e-05,70.308009142,137.960627566,0.0,-4.5688001847629645,-3.5760081906744983,5.314710024647567,5,0,20260707-131039
cli,warm,FFD-Multifit,4,5,100.452448619,100.458996375,0.102649953,0.0010218094616117948,3.482,0.03466316697969869,385.02,0.0003832858285618492,36.619401988,137.960627566,-179.1262858336592,-166.52226678717773,-163.65648509646982,-174.31482538114022,5,0,20260707-131039
cli,warm,LPT,4,5,38.099745046,38.104126179,0.093267614,0.002447703788347252,3.483,0.09141793457659034,62.0,0.00016273074773897792,36.619401988,137.960627566,-5.867407635176938,-1.0869376831976425,0.0,-4.042510193053136,5,0,20260707-131039
cli,warm,Quantity,4,5,37.690077392,37.86808567,0.284379579,0.007509742675619124,7.049999998,0.18705188436403727,11.02,2.9238464769878867e-05,36.619401988,137.960627566,-4.72906793057783,0.0,1.075250381611184,-2.9237927051644763,5,0,20260707-131039
cli,warm,Round-Robin,4,5,35.988172278,36.109319135,0.316558436,0.008766668649068119,4.5565,0.12661104222804453,14.81,4.115240942384154e-05,36.619401988,137.960627566,0.0,4.515525654933362,5.542222829708124,1.723757559467657,5,0,20260707-131039
cli,warm,FFD-Multifit,8,5,82.09714818,82.086825392,0.426079624,0.005190596931545178,3.019,0.036773506351046065,591.25,0.0007201833597236167,20.119313099,137.960627566,-298.3883810688556,-289.33604985885756,-177.55205023248345,-308.0514467667414,5,0,20260707-131039
cli,warm,LPT,8,5,29.579009815,29.569146876,0.148120051,0.00500927712325115,3.019,0.10206562081970086,68.04,0.00023002798411965705,20.119313099,137.960627566,-43.53645766088096,-40.27496807634513,0.0,-47.017990472399276,5,0,20260707-131039
cli,warm,Quantity,8,5,21.086449151,21.027919999,0.101695537,0.00483621475661103,4.461999998,0.21160509130995128,12.37,5.866326715995883e-05,20.119313099,137.960627566,-2.325068848178779,0.0,28.71144340908019,-4.8070033367494585,5,0,20260707-131039
cli,warm,Round-Robin,8,5,20.607314892,20.664866592,0.089260432,0.004319429385261816,4.041,0.19609541666045796,10.74,5.2117415860760164e-05,20.119313099,137.960627566,0.0,2.2722377559584332,30.33128890761686,-2.425539036043222,5,0,20260707-131039
goreleaser,cold,FFD-Multifit,2,5,560.434011976,560.442176124,3.224382265,0.005753282679936267,41.551999999,0.07414253794571524,129.54,2.3114228835481064e-05,358.030031057,735.139927191,-13.696077560689515,-5.212670443877757,-8.480851146143165,-56.532682557787,5,0,20260705-230606
goreleaser,cold,LPT,2,5,516.620220117,516.834287369,3.321767084,0.006427141474900609,41.553499998,0.08043335970974828,37.59,7.276137970652197e-06,358.030031057,735.139927191,-4.807508753337955,3.012679811907616,0.0,-44.295219759024015,5,0,20260705-230606
goreleaser,cold,Quantity,2,5,532.667795249,531.165272409,2.451107907,0.004614586145444829,70.288499998,0.13195560276953303,8.06,1.5131382208365506e-06,358.030031057,735.139927191,-8.063104073892841,0.0,-3.10626152580046,-48.777406653967795,5,0,20260705-230606
goreleaser,cold,Round-Robin,2,5,492.92290816,495.270254556,6.81222805,0.01375456730408134,59.656999999,0.12102703893736598,8.731,1.7712708935746941e-06,358.030031057,735.139927191,0.0,7.4614773867492685,4.586988862269703,-37.67641409988999,5,0,20260705-230606
goreleaser,cold,FFD-Multifit,4,5,499.873319002,501.649601841,4.0314616,0.008036409448357918,34.211,0.06843933992776902,151.04,3.021565549878762e-05,186.66343528,735.139927191,-12.236413207197765,-6.118456187977005,-5.645841679691017,-167.79391381722783,5,0,20260705-230606
goreleaser,cold,LPT,4,5,473.159483662,473.227236162,3.253232293,0.0068745668981028815,34.211,0.07230331670671641,30.16,6.374172143095985e-06,186.66343528,735.139927191,-6.238363406189509,-0.44735741679158014,0.0,-153.48268285765155,5,0,20260705-230606
goreleaser,cold,Quantity,4,5,471.052196723,471.530899363,2.414032631,0.005119564029125476,47.799,0.10147283110561094,8.71,1.8490519862965152e-06,186.66343528,735.139927191,-5.765214873069283,0.0,0.44536504323885406,-152.35375959753955,5,0,20260705-230606
goreleaser,cold,Round-Robin,4,5,445.37535076,446.632577929,4.20625154,0.009417699800368473,55.3195,0.1242087149762585,9.48,2.1285416859785983e-06,186.66343528,735.139927191,0.0,5.45095557172386,5.872043964323774,-138.59806827830283,5,0,20260705-230606
goreleaser,cold,FFD-Multifit,8,5,501.146720061,500.042071266,2.850611242,0.005700742809065764,34.211,0.06826543730713394,138.43,2.7622649108259192e-05,112.982282705,735.139927191,-19.171702902928498,-18.727505962966184,-22.08091326400496,-343.5622188387789,5,0,20260705-230606
goreleaser,cold,LPT,8,5,410.50374433,410.69756038,3.490152868,0.008498109569413362,34.211,0.08333906930821587,34.91,8.504185523807595e-06,112.982282705,735.139927191,2.3830181830186463,2.7468727185771407,0.0,-263.3346171645665,5,0,20260705-230606
goreleaser,cold,Quantity,8,5,422.098245892,422.54158604,2.944767527,0.006969178003514269,40.2565,0.09537234611086305,7.77,1.8408036696717444e-06,112.982282705,735.139927191,-0.374131450298357,0.0,-2.8244569561536803,-273.5968470331855,5,0,20260705-230606
goreleaser,cold,Round-Robin,8,5,420.524929873,419.343496401,3.946251957,0.009410547655725106,34.686,0.0824826247767886,6.9,1.6408064088100136e-06,112.982282705,735.139927191,0.0,0.3727369242379082,-2.441192237930981,-272.2043136365042,5,0,20260705-230606
goreleaser,warm,FFD-Multifit,2,5,116.362591174,114.541073006,2.835067624,0.0247515371525417,41.551999999,0.35709070741529136,207.71,0.0001785023845759896,96.171798345,189.699667816,-15.11793358948314,-5.260312307712237,-38.94954374990996,-20.994504809579375,5,0,20260707-140842
goreleaser,warm,LPT,2,5,83.744493169,83.50033536,0.508613726,0.006091157883464577,41.553499998,0.49619382034044013,37.9,4.525670711686817e-05,96.171798345,189.699667816,17.151269099033843,24.245658195779107,0.0,12.921984812449027,5,0,20260707-140842
goreleaser,warm,Quantity,2,5,110.547450053,111.871818162,2.825109631,0.025253094813467665,70.288499998,0.6358219928573787,11.3,1.0221854954214156e-05,96.171798345,189.699667816,-9.364993382267073,0.0,-32.005635080876885,-14.94788696414909,5,0,20260707-140842
goreleaser,warm,Round-Robin,2,5,101.08120216,99.282581418,2.977384151,0.02998898808306165,59.656999999,0.5901888652310424,9.931,9.824774327753207e-06,96.171798345,189.699667816,0.0,8.563063090520476,-20.701909265859168,-5.104826882188843,5,0,20260707-140842
goreleaser,warm,FFD-Multifit,4,5,88.946687736,88.787178759,0.305424532,0.0034399621236871473,34.211,0.3846236534579078,200.56,0.00022548338235514303,48.927685961,189.699667816,-21.97416788274951,-27.595106590257057,-48.679076807713365,-81.79214076647511,5,0,20260707-140842
goreleaser,warm,LPT,4,5,59.824616648,59.593193809,0.521124467,0.008744697736292457,34.211,0.571854897145316,35.531,5.939193928990741e-05,48.927685961,189.699667816,17.96144386846127,14.180858981741059,0.0,-22.271502264966887,5,0,20260707-140842
goreleaser,warm,Quantity,4,5,69.710108885,70.837029947,1.480695736,0.020902848935194642,47.799,0.6856824751034816,13.61,1.9523710718128798e-05,48.927685961,189.699667816,4.405293320188154,0.0,-16.5241213247799,-42.475793644861014,5,0,20260707-140842
goreleaser,warm,Round-Robin,4,5,72.922561621,74.322902127,2.062296627,0.02774779466329275,55.3195,0.758606098994598,8.53,1.169734004180067e-05,48.927685961,189.699667816,0.0,-4.608302565270055,-21.89390539694812,-49.041509298286016,5,0,20260707-140842
goreleaser,warm,FFD-Multifit,8,5,89.272266039,89.37503534,0.525386724,0.005878450531530722,34.211,0.3832209208742879,267.309,0.00029943118043315026,41.822685381,189.699667816,-84.29416585379667,-87.3030173937173,-151.1242792460141,-113.45417020867889,5,0,20260707-140842
goreleaser,warm,LPT,8,5,35.549038232,35.841560541,0.502581324,0.014022305848683275,34.211,0.9623607754654936,39.54,0.00011122663781212364,41.822685381,189.699667816,26.612366431820504,25.414214047290212,0.0,15.000584232809953,5,0,20260707-140842
goreleaser,warm,Quantity,8,5,47.661947619,47.588535729,0.761662239,0.016005162321812105,40.2565,0.8446255768186887,9.96,2.0897173736201952e-05,41.822685381,189.699667816,1.6064084721048117,0.0,-34.07380336972488,-13.961949561117311,5,0,20260707-140842
goreleaser,warm,Round-Robin,8,5,48.440093383,48.640635972,0.627426873,0.012899232513349096,34.686,0.7160597260981544,6.26,1.292317905026364e-05,41.822685381,189.699667816,0.0,-1.6326352632929197,-36.262739562377014,-15.822532536388204,5,0,20260707-140842
grpc-go,cold,FFD-Multifit,2,5,449.858046217,450.597835146,12.591400355,0.027943765754933576,168.180999999,0.3738534887022423,187.76,4.173761069273603e-05,323.376258063,641.503983702,1.0833279979041235,-11.813974082391905,-19.127259974529636,-39.11288630514081,5,0,20260706-070547
grpc-go,cold,LPT,2,5,377.628131725,382.442609877,8.870810633,0.023195141973989253,168.181999995,0.4453640655073736,33.62,8.902938413625148e-06,323.376258063,641.503983702,16.965544222837785,6.139053222328265,0.0,-16.776702775573167,5,0,20260706-070547
grpc-go,cold,Quantity,2,5,402.327213489,401.578475308,7.08706338,0.01764801605605084,170.639499998,0.4241311407155545,10.35,2.572532916738176e-06,323.376258063,641.503983702,11.534606641198932,0.0,-6.540583099880538,-24.414580061910037,5,0,20260706-070547
grpc-go,cold,Round-Robin,2,5,454.784857913,455.945505202,4.395778144,0.009641016511507257,245.461999997,0.5397321298765771,10.75,2.3637550399834258e-06,323.376258063,641.503983702,0.0,-13.038552368626755,-20.431932821198767,-40.63644023748923,5,0,20260706-070547
grpc-go,cold,FFD-Multifit,4,5,334.928884461,347.024196469,29.682791384,0.08553522113450551,84.090999999,0.2510712091443752,281.11,8.393125019730366e-05,196.978583076,641.503983702,5.407048732002814,-8.275885591349807,-31.123880964106622,-70.0331473761159,5,0,20260706-070547
grpc-go,cold,LPT,4,5,255.429355811,262.194521137,12.976679733,0.049492566346264415,84.091999998,0.32921822838649073,35.35,1.3839442959781235e-05,196.978583076,641.503983702,27.85986002512333,17.424740028104523,0.0,-29.673668996008562,5,0,20260706-070547
grpc-go,cold,Quantity,4,5,309.329157302,317.499396092,20.40053836,0.06425378634134048,134.044499997,0.4333393630466316,12.91,4.1735477226273525e-06,196.978583076,641.503983702,12.637102202972658,0.0,-21.10164719316057,-57.03694912997314,5,0,20260706-070547
grpc-go,cold,Round-Robin,4,5,354.073828939,360.79574683,12.835372411,0.03557517660275463,180.760999999,0.5105178220617418,8.88,2.507951527117767e-06,196.978583076,641.503983702,0.0,-14.465067576321461,-38.61908229568965,-79.7524499414173,5,0,20260706-070547
grpc-go,cold,FFD-Multifit,8,5,238.507227167,236.676942641,8.111098364,0.03427075858548335,53.143,0.2228150510625403,177.95,7.460989845620127e-05,129.965106565,641.503983702,17.77187446684167,-1.4723202225599867,-16.326516660523097,-83.51635563636025,5,0,20260706-070547
grpc-go,cold,LPT,8,5,205.032553208,204.294883155,5.750010926,0.0281456433817651,53.143,0.25919298749641895,33.37,1.627546429963589e-05,129.965106565,641.503983702,29.312655537408087,12.769398469406823,0.0,-57.75969306458128,5,0,20260706-070547
grpc-go,cold,Quantity,8,5,235.046588709,233.558438651,4.924165133,0.021083225086797424,85.525499999,0.36386616146505774,10.349,4.4029569017964366e-06,129.965106565,641.503983702,18.96496960668015,0.0,-14.638668363336219,-80.85361134332246,5,0,20260706-070547
grpc-go,cold,Round-Robin,8,5,290.055532241,298.648912643,18.804546359,0.06296539368780038,129.3775,0.4460438971820866,13.531,4.6649687718272595e-06,129.965106565,641.503983702,0.0,-23.403421353246674,-41.468038954158885,-123.17954403856335,5,0,20260706-070547
grpc-go,warm,FFD-Multifit,2,5,228.063912083,228.410124406,1.360763137,0.005957542996567164,168.180999999,0.7374292515766079,266.63,0.00011691021063558908,221.854360665,414.95764114,17.131568569056547,-8.019796428937575,-12.63894614404015,-2.798931424826222,5,0,20260707-152705
grpc-go,warm,LPT,2,5,202.473407192,202.202755822,0.910444887,0.00450263342504327,168.181999995,0.8306374764342145,40.56,2.003226031630814e-05,221.854360665,414.95764114,26.430036618974427,4.10084599796922,0.0,8.735890254717706,5,0,20260707-152705
grpc-go,warm,Quantity,2,5,211.131588489,211.959766039,2.717058437,0.012818746160061664,170.639499998,0.8082139731871072,7.989,3.7838961271379003e-06,221.854360665,414.95764114,23.284032954589318,0.0,-4.276206647122643,4.83324832735264,5,0,20260707-152705
grpc-go,warm,Round-Robin,2,5,275.212053788,265.036125471,16.162415507,0.06098193398457478,245.461999997,0.8919013415963353,7.62,2.7687740762509628e-06,221.854360665,414.95764114,0.0,-30.350960629625824,-35.9250370726581,-24.050775005306335,5,0,20260707-152705
grpc-go,warm,FFD-Multifit,4,5,138.237448952,138.341654097,0.220254744,0.0015921072032691296,84.090999999,0.6083083899226093,256.75,0.0001857311473457174,134.695174776,414.95764114,29.66997264130588,7.260682446120392,-32.93880797474794,-2.6298448937691044,5,0,20260707-152705
grpc-go,warm,LPT,4,5,103.985774401,104.584285175,3.307856902,0.031628622755942644,84.091999998,0.8086875390639137,44.351,4.265102631151198e-05,134.695174776,414.95764114,47.0959395302736,30.23909348465373,0.0,22.79918373176334,5,0,20260707-152705
grpc-go,warm,Quantity,4,5,149.060239603,149.019453386,0.586051104,0.003932715432004517,134.044499997,0.89926395096377,7.86,5.273035935628409e-06,134.695174776,414.95764114,24.163742829103914,0.0,-43.34676109462771,-10.664869659131691,5,0,20260707-152705
grpc-go,warm,Round-Robin,4,5,196.555374914,196.247062633,0.796801658,0.004060196607834544,180.760999999,0.9196441464808042,7.76,3.947996844856202e-06,134.695174776,414.95764114,0.0,-31.863047743312556,-89.02140802070113,-45.926069913695436,5,0,20260707-152705
grpc-go,warm,FFD-Multifit,8,5,63.395307179,64.187988761,1.612419721,0.025120271753703717,53.143,0.8382797144581685,325.2,0.0005129717237299294,88.484606078,414.95764114,53.796902026546164,32.45805827514164,-15.85288865663099,28.354422323905187,5,0,20260707-152705
grpc-go,warm,LPT,8,5,54.720523514,55.279240613,1.382948659,0.02501750464847689,53.143,0.9711712642223461,42.91,7.84166474376322e-05,88.484606078,414.95764114,60.11916620362202,41.70025235620872,0.0,38.15814304946631,5,0,20260707-152705
grpc-go,warm,Quantity,8,5,93.860652448,94.034284718,0.37782739,0.004017974838996957,85.525499999,0.9111965213152788,15.26,1.6258143963418788e-05,88.484606078,414.95764114,31.593470969980874,0.0,-71.52732909067686,-6.07568548732755,5,0,20260707-152705
grpc-go,warm,Round-Robin,8,5,137.21007889,137.280386364,0.704134388,0.005129169626118201,129.3775,0.9429154260870347,10.071,7.339839814591043e-06,88.484606078,414.95764114,0.0,-46.18487652854975,-150.74701424392515,-55.06660985646255,5,0,20260707-152705
hugo,cold,FFD-Multifit,2,5,2423.918955566,2465.503793877,94.548996456,0.038348753180104375,59.3965,0.024504325882517206,475.82,1.963019427309578e-05,1669.842296839,3294.183653532,-62.78184567822053,-60.362538967865156,-61.208762932287165,-45.158555400977804,5,0,20260706-123517
hugo,cold,LPT,2,5,1503.590072572,1499.333931519,53.352353096,0.035584036334019235,59.397,0.03950345315754653,34.84,2.3171209118455836e-06,1669.842296839,3294.183653532,-0.9758047374844724,0.5249242963159839,0.0,9.956163200663577,5,0,20260706-123517
hugo,cold,Quantity,2,5,1511.524431558,1554.427536319,60.216510863,0.038738705701004995,80.454999999,0.05322772051793513,9.16,6.060107140020458e-07,1669.842296839,3294.183653532,-1.5086482952481706,0.0,-0.5276942918642519,9.481007013697916,5,0,20260706-123517
hugo,cold,Round-Robin,2,5,1489.05975692,1525.012103807,54.50521867,0.035740843324413366,74.907,0.05030489854546811,7.009,4.7069971285084964e-07,1669.842296839,3294.183653532,0.0,1.486226366506344,0.9663748063423275,10.826324154156366,5,0,20260706-123517
hugo,cold,FFD-Multifit,4,5,2407.31264587,2360.872127172,106.893072013,0.045276942695343346,49.4185,0.020528492667864592,579.229,2.4061228648207734e-05,872.928812793,3294.183653532,-167.84233781556196,-108.01189835682723,-77.75330592732396,-175.77422243259744,5,0,20260706-123517
hugo,cold,LPT,4,5,1354.2997883,1341.548492741,46.678150716,0.0347942329096349,49.4185,0.03649007437417762,30.66,2.2639005237153815e-06,872.928812793,3294.183653532,-50.682057033061156,-17.022801501016676,0.0,-55.14435638420711,5,0,20260706-123517
hugo,cold,Quantity,4,5,1157.295647454,1157.643779649,40.098371262,0.03463791882003453,50.8295,0.04392092903124858,7.94,6.860822485133901e-07,872.928812793,3294.183653532,-28.76298900753291,0.0,14.546568089868185,-32.57617694519067,5,0,20260706-123517
hugo,cold,Round-Robin,4,5,898.779731951,915.832541944,25.137704691,0.02744792692956862,54.001,0.060082574272985544,7.98,8.878704888769184e-07,872.928812793,3294.183653532,0.0,22.33793206357629,33.635097655947845,-2.961400606687284,5,0,20260706-123517
hugo,cold,FFD-Multifit,8,5,2439.700750895,2367.231717739,112.052653897,0.04733489039426364,49.4185,0.020255967860759526,134.29,5.50436359667209e-06,493.841683929,3294.183653532,-246.77097070223226,-156.04188720001792,-173.9867998390391,-394.0248728063542,5,0,20260706-123517
hugo,cold,LPT,8,5,890.444631759,873.231645049,27.197056902,0.03114529467203846,49.4185,0.05549867811811929,39.05,4.3854495391656125e-06,493.841683929,3294.183653532,-26.564845790363705,6.549553719216915,0.0,-80.30973502978334,5,0,20260706-123517
hugo,cold,Quantity,8,5,952.852198355,931.418053679,31.918238783,0.03426843473446368,49.865,0.05233235551755742,10.27,1.077816687386573e-06,493.841683929,3294.183653532,-35.435250260961226,0.0,-7.008584741840605,-92.94689560713395,5,0,20260706-123517
hugo,cold,Round-Robin,8,5,703.548150514,704.669348858,20.120506599,0.02855311733312604,51.7605,0.07357065747693983,8.751,1.243838107399852e-06,493.841683929,3294.183653532,0.0,26.163978870112015,20.98911875922048,-42.46431060994633,5,0,20260706-123517
hugo,warm,FFD-Multifit,2,5,184.232084202,187.194044825,4.045987642,0.021613869425079344,59.3965,0.322400412812326,165.6,8.988662355815779e-05,151.703124238,297.054692058,-27.867407774873982,-29.124113182402716,-41.32037529954663,-21.442511568164445,5,0,20260707-180210
hugo,warm,LPT,2,5,130.364842162,132.514732071,2.868730231,0.021648387210736423,59.397,0.45562130874357476,35.58,2.729263458608413e-05,151.703124238,297.054692058,9.519481883739248,8.63022199827334,0.0,14.065815838125618,5,0,20260707-180210
hugo,warm,Quantity,2,5,142.678295836,144.153129026,2.362858098,0.01639130634184032,80.454999999,0.5638909515114907,12.66,8.873108503168484e-06,151.703124238,297.054692058,0.9732538536419583,0.0,-9.445379191038695,5.949006289311065,5,0,20260707-180210
hugo,warm,Round-Robin,2,5,144.080565492,146.250355873,3.249029715,0.022215533737376836,74.907,0.51989662689212,7.2,4.99720415131198e-06,151.703124238,297.054692058,0.0,-0.9828191791776371,-10.521029368451913,5.024655084915261,5,0,20260707-180210
hugo,warm,FFD-Multifit,4,5,143.662802832,146.318358407,3.653737624,0.024971149647788845,49.4185,0.3439895298283317,164.82,0.00011472698342990102,78.317763097,297.054692058,-56.86733424701814,-93.28427651903971,-101.82098691764982,-83.43578410694302,5,0,20260707-180210
hugo,warm,LPT,4,5,71.183282287,72.369711671,1.524430024,0.021064475576885153,49.4185,0.6942430639929225,44.97,6.317494579512069e-05,78.317763097,297.054692058,22.274022814571993,4.22984275767782,0.0,9.109658560042925,5,0,20260707-180210
hugo,warm,Quantity,4,5,74.327206237,74.493255714,0.57680088,0.00774299464389765,50.8295,0.683861301579463,10.16,1.3669288157560754e-05,78.317763097,297.054692058,18.841130239807306,0.0,-4.41666055426355,5.095340702028885,5,0,20260707-180210
hugo,warm,Round-Robin,4,5,91.582357488,97.526505129,11.808511147,0.12108001954320702,54.001,0.5896441354119513,7.68,8.385894631513834e-06,78.317763097,297.054692058,0.0,-23.2151215208872,-28.657115189988126,-16.936891282979087,5,0,20260707-180210
hugo,warm,FFD-Multifit,8,5,143.365498447,144.504772608,3.196769684,0.022122242928764153,49.4185,0.34470287855393084,259.27,0.00018084546338451723,58.517970161,297.054692058,-101.48444261114162,-119.69809982334074,-165.06494646365059,-144.9939703181086,5,0,20260707-180210
hugo,warm,LPT,8,5,54.086932414,54.22750053,0.446269211,0.008229573678268884,49.4185,0.9136865004976393,43.84,8.10546985072726e-05,58.517970161,297.054692058,23.986764263160694,17.115370117991514,0.0,7.572097485283445,5,0,20260707-180210
hugo,warm,Quantity,8,5,65.255684306,66.072156563,1.049359657,0.015882025221916774,49.865,0.7641479900229183,15.83,2.4258423106513178e-05,58.517970161,297.054692058,8.290311671718925,0.0,-20.649630869265298,-11.5139232042099,5,0,20260707-180210
hugo,warm,Round-Robin,8,5,71.154624441,71.326589347,0.545490097,0.007647780470004253,51.7605,0.7274369080946914,10.76,1.5121996756404748e-05,58.517970161,297.054692058,0.0,-9.039733776046855,-31.556036301630126,-21.594484985095814,5,0,20260707-180210
