project,regime,workers,rank,algorithm,median_s,std_s,run_cv,planned_s,native_s,vs_rr_pct,vs_qty_pct,vs_lpt_pct,vs_native_pct,result_dir
cli,cold,2,1,Quantity,283.705649734,5.157089284,0.018248913830221897,8.621499998,203.172596884,1.8935673483374702,0.0,0.3055462461101957,-39.63775336099081,20260705-183645
cli,cold,2,2,LPT,284.575158448,4.70426762,0.016600095147315422,6.963999999,203.172596884,1.5928881120584044,-0.3064826924720214,0.0,-40.06571890719901,20260705-183645
cli,cold,2,3,Round-Robin,289.181496122,7.360751337,0.025399411723735475,8.623499999,203.172596884,0.0,-1.93011538301549,-1.618671741806895,-42.33292311910852,20260705-183645
cli,cold,2,4,FFD-Multifit,370.980074196,8.278324785,0.022206284689463413,6.963499999,203.172596884,-28.286242090500412,-30.76231458338165,-30.362775239845323,-82.59355832706538,20260705-183645
cli,cold,4,1,LPT,234.087034416,4.282058007,0.018118862241923342,3.483,106.027098188,0.06641119314512933,2.1772462488573563,0.0,-120.78038389858872,20260705-183645
cli,cold,4,2,Round-Robin,234.24259772,4.407692256,0.01863786345033184,4.5565,106.027098188,0.0,2.1122378180492563,-0.06645532692064583,-120.92710422448518,20260705-183645
cli,cold,4,3,Quantity,239.297122029,5.509532832,0.02339736640756805,7.049999998,106.027098188,-2.157816024155393,0.0,-2.2257053347692377,-125.69430468114362,20260705-183645
cli,cold,4,4,FFD-Multifit,342.800279899,6.674176353,0.019214155676370286,3.482,106.027098188,-46.34412495235539,-43.252989000618484,-46.44137841902164,-223.31383745990104,20260705-183645
cli,cold,8,1,Quantity,208.351533938,4.581260955,0.021762984472343823,4.461999998,60.149271135,2.042732814058803,0.0,7.92703521349868,-246.39078746336332,20260705-183645
cli,cold,8,2,Round-Robin,212.696352117,4.403720083,0.020512682456711943,4.041,60.149271135,0.0,-2.0853305453910984,6.007009554758578,-253.61418036075762,20260705-183645
cli,cold,8,3,LPT,226.289589372,8.207411551,0.03556475886175669,3.019,60.149271135,-6.390912265163168,-8.609514456148858,0.0,-276.21335238478946,20260705-183645
cli,cold,8,4,FFD-Multifit,283.332760835,7.415236691,0.025766764581337875,3.019,60.149271135,-33.20997657691107,-35.98784490797772,-25.208040556044352,-371.04936683120127,20260705-183645
cli,warm,2,1,Quantity,63.662719869,0.245494611,0.0038574826282838912,8.621499998,70.308009142,4.36918103362603,0.0,0.9494151145793952,9.451681755884476,20260707-131039
cli,warm,2,2,LPT,64.272936846,0.158541825,0.0024690488828834284,6.963999999,70.308009142,3.4525449021856254,-0.9585154047072578,0.0,8.583762176811275,20260707-131039
cli,warm,2,3,Round-Robin,66.571342332,0.180012038,0.002702166158821265,8.623499999,70.308009142,0.0,-4.5688001847629645,-3.5760081906744983,5.314710024647567,20260707-131039
cli,warm,2,4,FFD-Multifit,112.156988378,0.651764989,0.005803203382845319,6.963499999,70.308009142,-68.47638105096095,-76.17373025969921,-74.50111023669528,-59.5223499380821,20260707-131039
cli,warm,4,1,Round-Robin,35.988172278,0.316558436,0.008766668649068119,4.5565,36.619401988,0.0,4.515525654933362,5.542222829708124,1.723757559467657,20260707-131039
cli,warm,4,2,Quantity,37.690077392,0.284379579,0.007509742675619124,7.049999998,36.619401988,-4.72906793057783,0.0,1.075250381611184,-2.9237927051644763,20260707-131039
cli,warm,4,3,LPT,38.099745046,0.093267614,0.002447703788347252,3.483,36.619401988,-5.867407635176938,-1.0869376831976425,0.0,-4.042510193053136,20260707-131039
cli,warm,4,4,FFD-Multifit,100.452448619,0.102649953,0.0010218094616117948,3.482,36.619401988,-179.1262858336592,-166.52226678717773,-163.65648509646982,-174.31482538114022,20260707-131039
cli,warm,8,1,Round-Robin,20.607314892,0.089260432,0.004319429385261816,4.041,20.119313099,0.0,2.2722377559584332,30.33128890761686,-2.425539036043222,20260707-131039
cli,warm,8,2,Quantity,21.086449151,0.101695537,0.00483621475661103,4.461999998,20.119313099,-2.325068848178779,0.0,28.71144340908019,-4.8070033367494585,20260707-131039
cli,warm,8,3,LPT,29.579009815,0.148120051,0.00500927712325115,3.019,20.119313099,-43.53645766088096,-40.27496807634513,0.0,-47.017990472399276,20260707-131039
cli,warm,8,4,FFD-Multifit,82.09714818,0.426079624,0.005190596931545178,3.019,20.119313099,-298.3883810688556,-289.33604985885756,-177.55205023248345,-308.0514467667414,20260707-131039
goreleaser,cold,2,1,Round-Robin,492.92290816,6.81222805,0.01375456730408134,59.656999999,358.030031057,0.0,7.4614773867492685,4.586988862269703,-37.67641409988999,20260705-230606
goreleaser,cold,2,2,LPT,516.620220117,3.321767084,0.006427141474900609,41.553499998,358.030031057,-4.807508753337955,3.012679811907616,0.0,-44.295219759024015,20260705-230606
goreleaser,cold,2,3,Quantity,532.667795249,2.451107907,0.004614586145444829,70.288499998,358.030031057,-8.063104073892841,0.0,-3.10626152580046,-48.777406653967795,20260705-230606
goreleaser,cold,2,4,FFD-Multifit,560.434011976,3.224382265,0.005753282679936267,41.551999999,358.030031057,-13.696077560689515,-5.212670443877757,-8.480851146143165,-56.532682557787,20260705-230606
goreleaser,cold,4,1,Round-Robin,445.37535076,4.20625154,0.009417699800368473,55.3195,186.66343528,0.0,5.45095557172386,5.872043964323774,-138.59806827830283,20260705-230606
goreleaser,cold,4,2,Quantity,471.052196723,2.414032631,0.005119564029125476,47.799,186.66343528,-5.765214873069283,0.0,0.44536504323885406,-152.35375959753955,20260705-230606
goreleaser,cold,4,3,LPT,473.159483662,3.253232293,0.0068745668981028815,34.211,186.66343528,-6.238363406189509,-0.44735741679158014,0.0,-153.48268285765155,20260705-230606
goreleaser,cold,4,4,FFD-Multifit,499.873319002,4.0314616,0.008036409448357918,34.211,186.66343528,-12.236413207197765,-6.118456187977005,-5.645841679691017,-167.79391381722783,20260705-230606
goreleaser,cold,8,1,LPT,410.50374433,3.490152868,0.008498109569413362,34.211,112.982282705,2.3830181830186463,2.7468727185771407,0.0,-263.3346171645665,20260705-230606
goreleaser,cold,8,2,Round-Robin,420.524929873,3.946251957,0.009410547655725106,34.686,112.982282705,0.0,0.3727369242379082,-2.441192237930981,-272.2043136365042,20260705-230606
goreleaser,cold,8,3,Quantity,422.098245892,2.944767527,0.006969178003514269,40.2565,112.982282705,-0.374131450298357,0.0,-2.8244569561536803,-273.5968470331855,20260705-230606
goreleaser,cold,8,4,FFD-Multifit,501.146720061,2.850611242,0.005700742809065764,34.211,112.982282705,-19.171702902928498,-18.727505962966184,-22.08091326400496,-343.5622188387789,20260705-230606
goreleaser,warm,2,1,LPT,83.744493169,0.508613726,0.006091157883464577,41.553499998,96.171798345,17.151269099033843,24.245658195779107,0.0,12.921984812449027,20260707-140842
goreleaser,warm,2,2,Round-Robin,101.08120216,2.977384151,0.02998898808306165,59.656999999,96.171798345,0.0,8.563063090520476,-20.701909265859168,-5.104826882188843,20260707-140842
goreleaser,warm,2,3,Quantity,110.547450053,2.825109631,0.025253094813467665,70.288499998,96.171798345,-9.364993382267073,0.0,-32.005635080876885,-14.94788696414909,20260707-140842
goreleaser,warm,2,4,FFD-Multifit,116.362591174,2.835067624,0.0247515371525417,41.551999999,96.171798345,-15.11793358948314,-5.260312307712237,-38.94954374990996,-20.994504809579375,20260707-140842
goreleaser,warm,4,1,LPT,59.824616648,0.521124467,0.008744697736292457,34.211,48.927685961,17.96144386846127,14.180858981741059,0.0,-22.271502264966887,20260707-140842
goreleaser,warm,4,2,Quantity,69.710108885,1.480695736,0.020902848935194642,47.799,48.927685961,4.405293320188154,0.0,-16.5241213247799,-42.475793644861014,20260707-140842
goreleaser,warm,4,3,Round-Robin,72.922561621,2.062296627,0.02774779466329275,55.3195,48.927685961,0.0,-4.608302565270055,-21.89390539694812,-49.041509298286016,20260707-140842
goreleaser,warm,4,4,FFD-Multifit,88.946687736,0.305424532,0.0034399621236871473,34.211,48.927685961,-21.97416788274951,-27.595106590257057,-48.679076807713365,-81.79214076647511,20260707-140842
goreleaser,warm,8,1,LPT,35.549038232,0.502581324,0.014022305848683275,34.211,41.822685381,26.612366431820504,25.414214047290212,0.0,15.000584232809953,20260707-140842
goreleaser,warm,8,2,Quantity,47.661947619,0.761662239,0.016005162321812105,40.2565,41.822685381,1.6064084721048117,0.0,-34.07380336972488,-13.961949561117311,20260707-140842
goreleaser,warm,8,3,Round-Robin,48.440093383,0.627426873,0.012899232513349096,34.686,41.822685381,0.0,-1.6326352632929197,-36.262739562377014,-15.822532536388204,20260707-140842
goreleaser,warm,8,4,FFD-Multifit,89.272266039,0.525386724,0.005878450531530722,34.211,41.822685381,-84.29416585379667,-87.3030173937173,-151.1242792460141,-113.45417020867889,20260707-140842
grpc-go,cold,2,1,LPT,377.628131725,8.870810633,0.023195141973989253,168.181999995,323.376258063,16.965544222837785,6.139053222328265,0.0,-16.776702775573167,20260706-070547
grpc-go,cold,2,2,Quantity,402.327213489,7.08706338,0.01764801605605084,170.639499998,323.376258063,11.534606641198932,0.0,-6.540583099880538,-24.414580061910037,20260706-070547
grpc-go,cold,2,3,FFD-Multifit,449.858046217,12.591400355,0.027943765754933576,168.180999999,323.376258063,1.0833279979041235,-11.813974082391905,-19.127259974529636,-39.11288630514081,20260706-070547
grpc-go,cold,2,4,Round-Robin,454.784857913,4.395778144,0.009641016511507257,245.461999997,323.376258063,0.0,-13.038552368626755,-20.431932821198767,-40.63644023748923,20260706-070547
grpc-go,cold,4,1,LPT,255.429355811,12.976679733,0.049492566346264415,84.091999998,196.978583076,27.85986002512333,17.424740028104523,0.0,-29.673668996008562,20260706-070547
grpc-go,cold,4,2,Quantity,309.329157302,20.40053836,0.06425378634134048,134.044499997,196.978583076,12.637102202972658,0.0,-21.10164719316057,-57.03694912997314,20260706-070547
grpc-go,cold,4,3,FFD-Multifit,334.928884461,29.682791384,0.08553522113450551,84.090999999,196.978583076,5.407048732002814,-8.275885591349807,-31.123880964106622,-70.0331473761159,20260706-070547
grpc-go,cold,4,4,Round-Robin,354.073828939,12.835372411,0.03557517660275463,180.760999999,196.978583076,0.0,-14.465067576321461,-38.61908229568965,-79.7524499414173,20260706-070547
grpc-go,cold,8,1,LPT,205.032553208,5.750010926,0.0281456433817651,53.143,129.965106565,29.312655537408087,12.769398469406823,0.0,-57.75969306458128,20260706-070547
grpc-go,cold,8,2,Quantity,235.046588709,4.924165133,0.021083225086797424,85.525499999,129.965106565,18.96496960668015,0.0,-14.638668363336219,-80.85361134332246,20260706-070547
grpc-go,cold,8,3,FFD-Multifit,238.507227167,8.111098364,0.03427075858548335,53.143,129.965106565,17.77187446684167,-1.4723202225599867,-16.326516660523097,-83.51635563636025,20260706-070547
grpc-go,cold,8,4,Round-Robin,290.055532241,18.804546359,0.06296539368780038,129.3775,129.965106565,0.0,-23.403421353246674,-41.468038954158885,-123.17954403856335,20260706-070547
grpc-go,warm,2,1,LPT,202.473407192,0.910444887,0.00450263342504327,168.181999995,221.854360665,26.430036618974427,4.10084599796922,0.0,8.735890254717706,20260707-152705
grpc-go,warm,2,2,Quantity,211.131588489,2.717058437,0.012818746160061664,170.639499998,221.854360665,23.284032954589318,0.0,-4.276206647122643,4.83324832735264,20260707-152705
grpc-go,warm,2,3,FFD-Multifit,228.063912083,1.360763137,0.005957542996567164,168.180999999,221.854360665,17.131568569056547,-8.019796428937575,-12.63894614404015,-2.798931424826222,20260707-152705
grpc-go,warm,2,4,Round-Robin,275.212053788,16.162415507,0.06098193398457478,245.461999997,221.854360665,0.0,-30.350960629625824,-35.9250370726581,-24.050775005306335,20260707-152705
grpc-go,warm,4,1,LPT,103.985774401,3.307856902,0.031628622755942644,84.091999998,134.695174776,47.0959395302736,30.23909348465373,0.0,22.79918373176334,20260707-152705
grpc-go,warm,4,2,FFD-Multifit,138.237448952,0.220254744,0.0015921072032691296,84.090999999,134.695174776,29.66997264130588,7.260682446120392,-32.93880797474794,-2.6298448937691044,20260707-152705
grpc-go,warm,4,3,Quantity,149.060239603,0.586051104,0.003932715432004517,134.044499997,134.695174776,24.163742829103914,0.0,-43.34676109462771,-10.664869659131691,20260707-152705
grpc-go,warm,4,4,Round-Robin,196.555374914,0.796801658,0.004060196607834544,180.760999999,134.695174776,0.0,-31.863047743312556,-89.02140802070113,-45.926069913695436,20260707-152705
grpc-go,warm,8,1,LPT,54.720523514,1.382948659,0.02501750464847689,53.143,88.484606078,60.11916620362202,41.70025235620872,0.0,38.15814304946631,20260707-152705
grpc-go,warm,8,2,FFD-Multifit,63.395307179,1.612419721,0.025120271753703717,53.143,88.484606078,53.796902026546164,32.45805827514164,-15.85288865663099,28.354422323905187,20260707-152705
grpc-go,warm,8,3,Quantity,93.860652448,0.37782739,0.004017974838996957,85.525499999,88.484606078,31.593470969980874,0.0,-71.52732909067686,-6.07568548732755,20260707-152705
grpc-go,warm,8,4,Round-Robin,137.21007889,0.704134388,0.005129169626118201,129.3775,88.484606078,0.0,-46.18487652854975,-150.74701424392515,-55.06660985646255,20260707-152705
hugo,cold,2,1,Round-Robin,1489.05975692,54.50521867,0.035740843324413366,74.907,1669.842296839,0.0,1.486226366506344,0.9663748063423275,10.826324154156366,20260706-123517
hugo,cold,2,2,LPT,1503.590072572,53.352353096,0.035584036334019235,59.397,1669.842296839,-0.9758047374844724,0.5249242963159839,0.0,9.956163200663577,20260706-123517
hugo,cold,2,3,Quantity,1511.524431558,60.216510863,0.038738705701004995,80.454999999,1669.842296839,-1.5086482952481706,0.0,-0.5276942918642519,9.481007013697916,20260706-123517
hugo,cold,2,4,FFD-Multifit,2423.918955566,94.548996456,0.038348753180104375,59.3965,1669.842296839,-62.78184567822053,-60.362538967865156,-61.208762932287165,-45.158555400977804,20260706-123517
hugo,cold,4,1,Round-Robin,898.779731951,25.137704691,0.02744792692956862,54.001,872.928812793,0.0,22.33793206357629,33.635097655947845,-2.961400606687284,20260706-123517
hugo,cold,4,2,Quantity,1157.295647454,40.098371262,0.03463791882003453,50.8295,872.928812793,-28.76298900753291,0.0,14.546568089868185,-32.57617694519067,20260706-123517
hugo,cold,4,3,LPT,1354.2997883,46.678150716,0.0347942329096349,49.4185,872.928812793,-50.682057033061156,-17.022801501016676,0.0,-55.14435638420711,20260706-123517
hugo,cold,4,4,FFD-Multifit,2407.31264587,106.893072013,0.045276942695343346,49.4185,872.928812793,-167.84233781556196,-108.01189835682723,-77.75330592732396,-175.77422243259744,20260706-123517
hugo,cold,8,1,Round-Robin,703.548150514,20.120506599,0.02855311733312604,51.7605,493.841683929,0.0,26.163978870112015,20.98911875922048,-42.46431060994633,20260706-123517
hugo,cold,8,2,LPT,890.444631759,27.197056902,0.03114529467203846,49.4185,493.841683929,-26.564845790363705,6.549553719216915,0.0,-80.30973502978334,20260706-123517
hugo,cold,8,3,Quantity,952.852198355,31.918238783,0.03426843473446368,49.865,493.841683929,-35.435250260961226,0.0,-7.008584741840605,-92.94689560713395,20260706-123517
hugo,cold,8,4,FFD-Multifit,2439.700750895,112.052653897,0.04733489039426364,49.4185,493.841683929,-246.77097070223226,-156.04188720001792,-173.9867998390391,-394.0248728063542,20260706-123517
hugo,warm,2,1,LPT,130.364842162,2.868730231,0.021648387210736423,59.397,151.703124238,9.519481883739248,8.63022199827334,0.0,14.065815838125618,20260707-180210
hugo,warm,2,2,Quantity,142.678295836,2.362858098,0.01639130634184032,80.454999999,151.703124238,0.9732538536419583,0.0,-9.445379191038695,5.949006289311065,20260707-180210
hugo,warm,2,3,Round-Robin,144.080565492,3.249029715,0.022215533737376836,74.907,151.703124238,0.0,-0.9828191791776371,-10.521029368451913,5.024655084915261,20260707-180210
hugo,warm,2,4,FFD-Multifit,184.232084202,4.045987642,0.021613869425079344,59.3965,151.703124238,-27.867407774873982,-29.124113182402716,-41.32037529954663,-21.442511568164445,20260707-180210
hugo,warm,4,1,LPT,71.183282287,1.524430024,0.021064475576885153,49.4185,78.317763097,22.274022814571993,4.22984275767782,0.0,9.109658560042925,20260707-180210
hugo,warm,4,2,Quantity,74.327206237,0.57680088,0.00774299464389765,50.8295,78.317763097,18.841130239807306,0.0,-4.41666055426355,5.095340702028885,20260707-180210
hugo,warm,4,3,Round-Robin,91.582357488,11.808511147,0.12108001954320702,54.001,78.317763097,0.0,-23.2151215208872,-28.657115189988126,-16.936891282979087,20260707-180210
hugo,warm,4,4,FFD-Multifit,143.662802832,3.653737624,0.024971149647788845,49.4185,78.317763097,-56.86733424701814,-93.28427651903971,-101.82098691764982,-83.43578410694302,20260707-180210
hugo,warm,8,1,LPT,54.086932414,0.446269211,0.008229573678268884,49.4185,58.517970161,23.986764263160694,17.115370117991514,0.0,7.572097485283445,20260707-180210
hugo,warm,8,2,Quantity,65.255684306,1.049359657,0.015882025221916774,49.865,58.517970161,8.290311671718925,0.0,-20.649630869265298,-11.5139232042099,20260707-180210
hugo,warm,8,3,Round-Robin,71.154624441,0.545490097,0.007647780470004253,51.7605,58.517970161,0.0,-9.039733776046855,-31.556036301630126,-21.594484985095814,20260707-180210
hugo,warm,8,4,FFD-Multifit,143.365498447,3.196769684,0.022122242928764153,49.4185,58.517970161,-101.48444261114162,-119.69809982334074,-165.06494646365059,-144.9939703181086,20260707-180210
